id;destination;description;contact_description
1;Health indexing Executive;../fake-data/blob/hipster.txt;../fake-data/blob/hipster.txt
2;Practical parse indigo;../fake-data/blob/hipster.txt;../fake-data/blob/hipster.txt
3;XML;../fake-data/blob/hipster.txt;../fake-data/blob/hipster.txt
4;intelligence;../fake-data/blob/hipster.txt;../fake-data/blob/hipster.txt
5;TCP;../fake-data/blob/hipster.txt;../fake-data/blob/hipster.txt
6;core withdrawal;../fake-data/blob/hipster.txt;../fake-data/blob/hipster.txt
7;transmit local;../fake-data/blob/hipster.txt;../fake-data/blob/hipster.txt
8;Buckinghamshire 1080p Borders;../fake-data/blob/hipster.txt;../fake-data/blob/hipster.txt
9;mindshare quantifying;../fake-data/blob/hipster.txt;../fake-data/blob/hipster.txt
10;Ergonomic Generic Manors;../fake-data/blob/hipster.txt;../fake-data/blob/hipster.txt
