id;first_name;last_name;birthday;gender;citizenship;contact_number;email_address
1;Alexie;Marvin;2022-03-27;Oro Cotton Senior;Finland;collaboration Ball;Fantastic Producer
2;Eugenia;Johnston;2022-03-27;drive Optimization Configuration;Orchestrator;Yemeni;Road
3;Enos;Bogan;2022-03-27;Cambridgeshire;Mouse Kwacha back;Jewelery;Consultant
4;Deborah;O'Conner;2022-03-27;Account;New;Granite application mobile;Avon
5;Alec;Crona;2022-03-27;Borders;Assurance;Concrete driver Chair;frame
6;Ayden;Hammes;2022-03-27;Handmade Keyboard;invoice;connecting Manager Quality;XSS
7;Marge;Skiles;2022-03-27;bypass tan Chief;Gorgeous;blue Berkshire;evolve interactive input
8;Kenny;Russel;2022-03-27;Sausages Cheese Liaison;Wooden Washington;Krone incentivize;deliverables Buckinghamshire
9;Martin;Rippin;2022-03-27;Granite USB Gloves;Tasty metrics Frozen;synergistic Home;plum
10;Johnathan;Schumm;2022-03-27;turquoise virtual;haptic Concrete Books;Generic connect help-desk;grey Turnpike
