id;destination;description
1;Fresh bifurcated Dynamic;../fake-data/blob/hipster.txt
2;navigating policy;../fake-data/blob/hipster.txt
3;high-level Avon;../fake-data/blob/hipster.txt
4;microchip;../fake-data/blob/hipster.txt
5;digital;../fake-data/blob/hipster.txt
6;input;../fake-data/blob/hipster.txt
7;Gorgeous Hat maximize;../fake-data/blob/hipster.txt
8;matrix bandwidth;../fake-data/blob/hipster.txt
9;Granite Union next;../fake-data/blob/hipster.txt
10;Unbranded Handcrafted;../fake-data/blob/hipster.txt
